Time(ms),PhaseA(V),PhaseB(V),PhaseC(V)
108000.00000015163,-10.104415831368817,284.0729558850197,-298.5034369371078
108001.00000015163,140.76532201482533,277.1160230960628,-210.63973461558672
108002.00000015165,247.64719930077482,132.01123615852939,-318.2783382510897
108003.00000015165,237.53542835844223,-63.85432526322078,-364.05126829615386
108004.00000015165,397.564739257105,-21.985759446725897,-176.0035462778069
108005.00000015166,234.22146695074372,-196.56881683047982,-332.8213934087638
108006.00000015166,293.35797690484867,-251.40699212480607,-21.360803491613005
108007.00000015166,294.82796134569287,-349.4152928864745,-5.458956430531483
108008.00000015167,235.51705824074176,-220.91470067984307,202.78042068208654
108009.00000015167,191.1447040634842,-187.6291795441079,349.47753884361714
108010.00000015167,7.106369017126192,-296.5015567210087,289.74552263038896
108011.00000015169,-163.34569559981495,-297.29155461885733,219.87699205071482
108012.00000015169,-176.59540993498317,-173.41951071892814,295.68561187211685
108013.00000015169,-303.2911439905682,-34.32349187287585,358.78549866791934
108014.0000001517,-357.35366726533186,19.580138705279076,171.33557226673653
108015.0000001517,-172.2833398770866,331.51065368301386,240.2475748525772
108016.0000001517,-348.9841056619544,173.622035365244,9.152562068105906
108017.00000015172,-191.2721462251254,355.7769103562463,-13.652319784714937
108018.00000015172,-331.05042471886134,216.3623550081605,-198.22896912976876
108019.00000015172,-181.1473657593388,206.0181396614975,-300.81179061224213
108020.00000015172,14.0919750468154,291.0159356631029,-284.40830586345055
108021.00000015173,207.5816584681264,286.360279070139,-313.22649845683594
108022.00000015173,259.7273553493941,176.75339701913688,-339.84867567855144
108023.00000015173,277.47240539726903,-26.515635166891478,-340.66147674433046
108024.00000015175,372.5830101351304,14.469171765875316,-161.18461304581052
108025.00000015175,192.28253524439134,-273.1011656451298,-288.1902059099577
108026.00000015175,350.89455782149844,-196.65860285338258,5.994467326311878
108027.00000015176,318.8712895434862,-403.63758604373817,-57.683951803640966
108028.00000015176,230.62073048076297,-282.7143922902629,187.83018037973756
108029.00000015176,134.7249903036816,-261.79738064864154,295.4075812898351
108030.00000015178,2.4156603142325985,-282.93616772711397,291.96245240014014
108031.00000015178,-208.90477397413005,-284.21909063672547,297.3700945415266
108032.00000015178,-202.75774798131582,-237.06409263841647,286.9995413070519
108033.00000015179,-212.38073701337035,52.01068624123275,273.72753693223564
108034.00000015179,-387.3766511549193,74.61020514634784,213.7764755076011
108035.00000015179,-274.62026993629905,314.1202611107795,256.51749979276303
108036.0000001518,-338.6763363040512,215.87289868423684,46.67256790002554
108037.0000001518,-249.69126178452294,344.51616761559904,-6.47109354766778
108038.0000001518,-245.18240974200606,223.0999858553012,-201.39242776911033
108039.00000015182,-156.97867373176564,258.75576480215096,-260.6793671335265
108040.00000015182,2.2174772323617185,307.16318470838047,-293.06698270394605
108041.00000015182,190.20706309148267,319.6547330712421,-297.03170161744885
108042.00000015183,213.23429608951375,274.4702371665017,-282.1841082458928
108043.00000015183,232.97027106384564,-24.375695751361636,-391.27037065335134
108044.00000015183,363.21867415671034,-47.3268216519753,-196.32459043723648
108045.00000015185,304.69171393893487,-294.31458092471513,-248.70976544319677
108046.00000015185,327.0293489635615,-219.00239678237168,8.9457933044479
108047.00000015185,222.01689494792666,-295.9594442396056,-77.52076457400442
108048.00000015186,276.104259573089,-328.7056367393488,178.67523133189104
108049.00000015186,198.56693362133353,-274.27913339766695,312.2270985201963
108050.00000015186,-5.506184602846566,-286.46874754558326,298.2433341322541
108051.00000015188,-166.6918073317602,-311.18179746361307,217.23117647565715
108052.00000015188,-356.0070943431098,-123.01508206458628,253.70724962786133
108053.00000015188,-193.00328645098602,-33.75433634080816,294.9122640981149
108054.0000001519,-300.30119908832575,29.672108093258593,208.54117585210997
108055.0000001519,-109.5781326677152,235.5489112773986,275.29352380645884
108056.0000001519,-360.28539098895874,200.79083184328113,14.267752527138251
108057.00000015191,-200.88994892721183,414.41015512631867,5.868863575664175
108058.00000015191,-282.8904684649565,343.8799626286514,-137.096120464689
108059.00000015191,-248.8667453621525,260.8304864989424,-347.7575873429123
108060.00000015192,-5.055215775288398,295.55988875191264,-283.85241416839716
108061.00000015192,152.75095451290647,363.4999107737696,-281.74938320280313
108062.00000015192,268.8640411227439,269.25447288278735,-285.21841150741494
108063.00000015194,205.65333972638336,-24.717005865973046,-350.26066546832175
108064.00000015194,320.45012651902215,-31.335199833390448,-257.3947004051214
108065.00000015194,283.2211791385905,-284.16975253562117,-256.34235150709327
108066.00000015195,354.0647534542183,-269.40902921209636,-20.96479522003667
108067.00000015195,218.01812617705443,-343.46343759585756,-55.804779835580256
108068.00000015195,206.21157726563644,-228.1746512147254,207.9294803389254
108069.00000015197,179.72391017645316,-256.5351935647049,300.31972750178005
108070.00000015197,-14.02672419072165,-280.7027327965707,302.55018033132166
108071.00000015197,-147.80933054934528,-292.3731811891154,306.49150311599584
108072.00000015198,-238.5071165352764,-173.5797495635972,288.72249309776544
108073.00000015198,-216.27379289145708,11.338639766729175,315.1003450453615
108074.00000015198,-366.8023473262038,91.37136930288419,247.12138131609535
108075.000000152,-233.6773834311479,271.64646264300706,219.87050334494336
108076.000000152,-316.43730688844227,236.88823530446595,24.44970576731666
108077.000000152,-258.77795737398316,327.41550615210735,62.13175728219909
108078.00000015201,-235.45987533875126,316.8635885846366,-181.27364783421496
108079.00000015201,-182.72691754202228,226.05373495474285,-269.0991068010426
108080.00000015201,-4.1333854504020815,304.8143680558912,-295.44332603316894
108081.00000015201,212.75222952764457,307.94980357209647,-281.7641277521799
108082.00000015202,275.39215098712003,178.41752978157103,-256.4486699455546
108083.00000015202,224.6102382593716,-47.51548111706245,-333.241438517749
108084.00000015202,364.2297012483058,-27.86683454024902,-241.38455424172614
108085.00000015204,201.58513833068022,-327.5861371291681,-273.191737809011
108086.00000015204,312.1728583045003,-219.58483535086037,-72.3952315345613
108087.00000015204,249.45513122401815,-351.17068439909156,3.5362628211370497
108088.00000015205,185.6299771826017,-259.8142517089375,182.88296968381485
108089.00000015205,132.2656481591428,-257.36205451821996,346.5150979620006
108090.00000015205,-8.275860885817888,-297.47628175272604,295.145447770384
108091.00000015207,-181.4824420309849,-304.4163341514097,267.485476108008
108092.00000015207,-191.82062910290145,-210.7178690519341,327.4241594649225
108093.00000015207,-171.160515356179,6.9996519717525025,316.63734655401333
108094.00000015208,-402.0677472556453,53.51981939548029,244.02090112585012
108095.00000015208,-160.81102902714935,302.72439194479216,306.8122248272978
108096.00000015208,-381.3361533698611,229.18785941685098,15.468773129643614
108097.0000001521,-199.01760138300267,366.5969638959728,47.23429269573879
108098.0000001521,-221.00767879680524,320.36858170952775,-212.13149577735348
108099.0000001521,-146.8110092245949,218.19666767462988,-335.36179903237485
108100.00000015211,-0.024672735716708916,285.86303689847466,-306.17352693549395
108101.00000015211,184.9168155476823,357.23297671632434,-204.6683976397477
108102.00000015211,234.04434191961695,180.22841762643483,-349.85990661374257
108103.00000015213,164.84876498061956,0.02402906491773127,-359.3651048555102
108104.00000015213,343.4664412346024,-13.322371326760525,-187.06321014963365
108105.00000015213,289.0711264191265,-248.26868671103836,-302.0517704827144
108106.00000015214,409.56586007584815,-179.89548207170625,-18.245486084121815
108107.00000015214,217.70654613106262,-357.7180910523598,11.605498367084204
108108.00000015214,258.71025991187065,-275.55556516286475,201.50263124411114
108109.00000015215,173.15828726688102,-259.08942776483786,325.36321146211117
108110.00000015215,-7.5161007534740545,-305.5357419052804,296.3447871449163
108111.00000015215,-127.73214561301866,-302.56274582189474,323.32221654033845
108112.00000015217,-296.9616987328785,-197.07005722431094,322.7066768733999
108113.00000015217,-227.23900358973003,-39.69904990305012,319.01526445958643
108114.00000015217,-382.7794541714576,34.14713429901737,205.59310051478852
108115.00000015218,-169.97344064601074,303.39738194735924,246.69189127280518
108116.00000015218,-350.753627284907,231.06297543047287,-26.57729372694715
108117.00000015218,-236.64656431099388,367.1717135404868,85.05892812927145
108118.0000001522,-237.13368083783718,296.6215757974575,-144.16831047478195
108119.0000001522,-147.53445191677483,309.8582120572611,-351.2536959600778
108120.0000001522,-5.885597216944945,280.79755708539454,-279.47825703730655
108121.00000015221,139.70434314618143,355.96610697935745,-220.6478017510636
108122.00000015221,244.73489323272327,219.42289766001613,-315.44557012923195
108123.00000015221,167.74881418114137,-47.11872320413149,-410.7048212269223
108124.00000015223,333.2265149379115,-48.40629702598473,-232.32623667976188
108125.00000015223,259.1258205848742,-218.76955952227195,-277.9076411438274
108126.00000015223,367.73421032035554,-215.26577950941936,-75.88382586635694
108127.00000015224,260.5605303752163,-360.8018096742036,-47.288653082087336
108128.00000015224,239.70017126628798,-277.917688679406,191.46133443278444
108129.00000015224,158.01102545676494,-317.769176923467,330.36444776458063
108130.00000015226,-0.7400685928841084,-293.82338908276415,298.373807874605
108131.00000015226,-168.31699647440016,-337.2868731773426,189.84638456690243
108132.00000015226,-254.8999377785598,-180.19990206983502,238.9964369319419
108133.00000015227,-202.51886004263497,26.151848875937063,353.58239790997317
108134.00000015227,-417.8983603324956,72.64437514486525,171.77351912759724
108135.00000015227,-168.88606784836233,221.0602318894545,342.23117724221464
108136.00000015229,-291.10380198237846,245.81836510103082,91.96015596472326
108137.00000015229,-206.70472487305085,387.51836866531534,41.84339357985657
108138.00000015229,-303.8013981529318,284.65497755268495,-199.84355442444362
108139.0000001523,-257.47601443899464,208.00551008092484,-284.3069750135232
108140.0000001523,-1.4495731960736162,310.2708483089395,-299.22113739149637
108141.0000001523,149.50797152759264,352.9217666028721,-249.18038316511536
108142.00000015231,282.7933162999752,245.1314989918454,-271.51867189103535
108143.00000015231,250.31846843642205,-1.4740401616427499,-322.09466423980433
108144.00000015231,297.78636841314244,33.347208499732396,-249.7763631044411
108145.00000015233,266.7596756955784,-321.95703064492784,-215.43662024808333
108146.00000015233,346.8416601384406,-207.95066183001086,-30.17583222381426
108147.00000015233,218.5176919150716,-425.6399238995478,-12.770080479378956
108148.00000015233,230.59518342785444,-284.13285756398693,203.23894117995957
108149.00000015234,206.29632280516606,-245.4567300330791,305.47835760528835
108150.00000015234,4.1004327009534425,-298.46782057297975,300.2103636451886
108151.00000015234,-253.97366986055187,-296.3542480072862,370.53030861576383
108152.00000015236,-253.4954192701374,-171.72280585810466,274.80605115634285
108153.00000015236,-174.82205172243047,-29.629932716562426,330.8914514702997
108154.00000015236,-399.5834780256841,1.503097516392888,243.47817414455082
108155.00000015237,-165.41046582006746,189.30953149319382,284.81540077537255
108156.00000015237,-369.7255338884832,210.58233529316757,-27.03599803692817
108157.00000015237,-224.3728463686578,362.0642845795153,-32.73072797806448
108158.00000015239,-232.5661816158538,276.65128317331215,-180.16952622528632
108159.00000015239,-208.46053189708843,350.3615808643374,-281.3124825636216
108160.00000015239,3.4515803024840466,292.2014267265204,-282.74238822460194
108161.0000001524,171.1755297527262,300.7225870888439,-286.64660261184645
108162.0000001524,259.7624608783011,240.18226942801212,-354.68802291699615
108163.0000001524,258.63178198323425,-45.68990703496998,-379.9906162079843
108164.00000015242,338.70673218505897,-86.06550166752078,-242.09581194218225
108165.00000015242,242.82489846141817,-233.2386092178747,-239.59696141153233
108166.00000015242,342.07987686394387,-194.83678590398404,-113.15309144880754
108167.00000015243,267.72594584373024,-339.3828760636595,23.648571970361527
108168.00000015243,231.97907573566124,-299.6972043857918,168.96930923631513
108169.00000015243,211.66064485694815,-223.07637086776825,255.5274083446176
108170.00000015245,-4.613381168900787,-295.6795261230557,296.99237096016134
108171.00000015245,-201.30229520136345,-331.3164935297088,311.17514543537493
108172.00000015245,-206.30370099562947,-147.462246468217,255.80289793157098
108173.00000015246,-150.935701672043,26.28464261080743,361.45858426568554
108174.00000015246,-406.44909433432736,1.4877479380582252,254.28623463810345
108175.00000015246,-157.64479239350968,153.85216453871175,330.0405344623971
108176.00000015247,-414.18405646771976,177.45213102956538,-29.850972879970303
108177.00000015247,-239.8338780058829,377.45799801483474,-11.285185793049287
108178.00000015247,-281.7499919094891,342.02214541863765,-222.09323142655353
108179.00000015249,-144.82517962905024,262.43624217034596,-321.8108814527291
108180.00000015249,-3.396117630013231,305.40339955921047,-293.9757437065868
108181.00000015249,141.46878776474492,290.99500322388366,-316.94791899386684
108182.0000001525,185.16612487486864,164.92214818233114,-254.74016338394847
108183.0000001525,146.05956089174103,11.90183882221384,-368.04616437131193
108184.0000001525,326.5299496672426,-43.25267814622611,-207.79030027980394
108185.00000015252,187.37119720972282,-240.07496777719408,-265.62591773679503
108186.00000015252,328.55930508838975,-175.03396407548212,-46.92738059031336
108187.00000015252,241.8641423407756,-367.2046663662943,-38.85367857898087
108188.00000015253,233.2070116507779,-285.8449433591438,179.65009071783422
108189.00000015253,145.4935306982311,-248.80288666406548,283.35758633839816
108190.00000015253,7.931760163453283,-291.49365349373016,294.5721466580972
108191.00000015255,-169.61259344234793,-308.03971849236336,168.8064785542027
108192.00000015255,-259.0656321230402,-202.0220270411835,285.4324673511137
108193.00000015255,-217.7101637025388,27.873005067721916,356.176018472026
108194.00000015256,-354.0286701746232,55.67044296057172,192.09039627940723
108195.00000015256,-191.81536596889353,262.45044002379115,333.0707906431081
108196.00000015256,-415.63650522437325,186.1016585692729,85.2201247437935
108197.00000015258,-237.37227557603055,346.9676054049983,-24.358936524529533
108198.00000015258,-213.46211192591537,331.6437470491773,-165.93257328897892
108199.00000015258,-112.01519988448906,255.5611383249708,-276.46450211422973
108200.00000015259,-8.326174339262282,288.23475301220446,-292.38555883070484
108201.00000015259,140.7229797267492,301.71069834754104,-248.25503513801243
108202.00000015259,242.18910614882637,146.75728062514636,-315.74803002150134
108203.0000001526,163.24961841565164,6.433484607189585,-356.333552485978
108204.0000001526,373.63682996374484,-43.22009856277874,-253.1242713620274
108205.0000001526,181.6666514954679,-302.4133113612766,-256.3611681326237
108206.00000015262,367.91398828174016,-208.15758871753468,-4.8778215571211545
108207.00000015262,142.4030234025252,-317.0989801051327,3.718480877220914
108208.00000015262,237.31821481215948,-350.54464092005463,177.00449271680188
108209.00000015262,225.95731779847685,-329.4082300959142,287.939546102191
108210.00000015264,-0.6017538335768796,-300.19471325712954,298.28633827330236
108211.00000015264,-242.72602687158707,-288.27367420591116,312.99781454106494
108212.00000015264,-304.2920805160934,-166.5955466858229,266.05247102082717
108213.00000015265,-224.28472184817164,17.547853610446374,365.4638473280793
108214.00000015265,-324.55658598535854,11.78329156951749,245.1266165582756
108215.00000015265,-323.1569557779408,241.77124357713555,181.23680967181483
108216.00000015266,-426.9015470045398,189.0799925854622,58.54450233963471
108217.00000015266,-215.3489502236168,411.45686740760505,29.434473295410488
108218.00000015266,-260.0888245517722,372.3142734282362,-187.94830932845602
108219.00000015268,-186.81207162501778,223.156919640034,-326.51132295076724
108220.00000015268,-7.585843151956828,284.46176303466103,-295.8009892812742
108221.00000015268,224.31053072302728,188.87894752219995,-250.24111692084736
108222.0000001527,193.5969091179326,226.5062583730802,-239.2746672622529
108223.0000001527,208.40799186931707,-19.43745177767832,-306.31362511777945
108224.0000001527,409.01114693057895,-112.03118727933875,-188.40402730820702
108225.00000015271,234.43701697022473,-251.52086929661291,-322.30287152436756
108226.00000015271,382.3805463275123,-214.76131139174788,-38.46691661513679
108227.00000015271,180.63620016050888,-332.31824936661474,-75.93951575823614
108228.00000015272,301.8396678384763,-254.8296585295017,139.75268233394408
108229.00000015272,145.1723715315629,-292.4667742359894,313.4972712877335
108230.00000015272,4.39828037155448,-298.5283201712398,293.86458333776153
108231.00000015274,-152.1101513087598,-276.1834220452302,274.3511768042991
108232.00000015274,-188.93419259019976,-176.8106292416152,277.1027707113126
108233.00000015274,-247.62472247105484,6.119666393566794,339.10556933736984
108234.00000015275,-355.71247914055704,20.16339938401455,162.95328068528318
108235.00000015275,-152.9103848476333,338.54318626591714,218.19679358800798
108236.00000015275,-357.60367620221837,210.94992398895317,-18.78678354996983
108237.00000015277,-173.15010650361288,386.84863213296205,-28.78098044888894
108238.00000015277,-281.5711250426643,247.33108456358448,-193.47435694940694
108239.00000015277,-158.6422663486998,225.63247144685158,-286.54436807420797
108240.00000015278,-1.1210285473779946,301.46078069861915,-298.3765667069139
108241.00000015278,234.8780643251174,362.44355966460455,-290.28329917075956
108242.00000015278,208.38274077055215,211.10856007911366,-366.220252913444
108243.0000001528,242.04287030634782,21.568249463066977,-358.5258405161167
108244.0000001528,380.71334434743886,-43.44949393737033,-204.49516599935677
108245.0000001528,238.56934286966018,-302.32540034030035,-294.7268557444957
108246.00000015281,349.13783101160976,-177.7590914188724,-27.09928093790028
108247.00000015281,268.606570214042,-398.22928458152955,-13.942636211623247
108248.00000015281,232.95322956963213,-291.5991122316854,207.45740466448828
108249.00000015282,191.9589244584638,-285.04738948046634,241.5718268590405
108250.00000015282,0.8605393908483427,-280.4080375447469,292.5837723488243
108251.00000015282,-190.6919910888353,-255.28008237675348,276.74221206410783
108252.00000015284,-294.95852034010903,-151.5475932662508,287.9761293889215
108253.00000015284,-198.42098350699138,11.90005957325423,338.1050070324086
108254.00000015284,-323.8821960373247,43.16730686522699,226.6920813757119
108255.00000015285,-247.0962821511935,260.6183471147132,258.187842672411
108256.00000015285,-345.99800470319315,177.93197843307655,-23.880250087340425
108257.00000015285,-264.3031369252997,305.2040824392065,-46.15410859123844
108258.00000015287,-216.2838994536612,300.0702548430488,-251.50473935666827
108259.00000015287,-186.65592567360017,214.9637655640705,-274.3092204858167
108260.00000015287,3.8416023722074057,296.6405485182499,-287.81926988367746
108261.00000015288,175.10966200463295,314.02467534448687,-191.56603188851554
108262.00000015288,224.27063063772525,260.4319630443809,-297.1561820132461
108263.00000015288,276.89101334787654,-16.212411211712283,-388.87604194299024
108264.0000001529,347.01310175587196,-60.777536203949346,-190.09692267546723
108265.0000001529,228.93424016902213,-284.91448970520815,-305.8705161813379
108266.0000001529,376.6954852744779,-193.54180574770055,-65.73249274585594
108267.00000015291,232.6994767975517,-351.66805019093556,-21.103008273720345
108268.00000015291,268.064745958613,-217.4931637099237,169.24857465352156
108269.00000015291,172.11336850320123,-269.3271758590875,235.70963430265328
108270.00000015293,-3.769894128177701,-294.2439690414265,297.56854550526833
108271.00000015293,-184.7012055345957,-360.7452255082078,303.6603789462058
108272.00000015293,-233.0203162392272,-213.37852580286037,268.5178932475358
108273.00000015294,-186.02239145897127,3.1446506728655317,378.60100517198254
108274.00000015294,-399.94137147976846,-13.691944456925905,291.82530578357535
108275.00000015294,-251.82415738259732,291.3307733992411,194.76230362806405
108276.00000015294,-346.9113608785542,198.87671861187602,9.92552845159535
108277.00000015296,-196.60780278265113,412.45574115480497,20.120301236535322
108278.00000015296,-225.6184750655028,268.16329768113343,-211.45043216118088
108279.00000015296,-214.5433371969004,324.07158916040584,-365.76837266431477
108280.00000015297,2.108132151208837,298.3765063209784,-295.77069720154526
108281.00000015297,169.9259236353652,293.41412663397307,-246.72200852105402
108282.00000015297,244.85022187548915,133.87092872072822,-275.3545255405129
108283.00000015298,223.3179223773892,-72.63068919409811,-374.8016141851579
108284.00000015298,363.7070003182833,-55.01077137964856,-252.6664032697549
108285.00000015298,176.58765490538195,-325.18962144085344,-300.8114597343913
108286.000000153,360.96184990003917,-213.42141267794673,-42.32368512442467
108287.000000153,227.2548424062449,-328.5225573628296,-16.22684471258104
108288.000000153,277.5854079501435,-242.40188544751044,163.42504241318355
108289.00000015301,151.43776959693167,-298.7493077089704,321.33666629541216
108290.00000015301,13.611492625976666,-289.6689938856169,300.4476689249659
108291.00000015301,-203.60249395513398,-302.8132459917711,237.6725473581964
108292.00000015303,-246.82891452957327,-179.66482919895753,296.95694866300806
108293.00000015303,-213.7187576039122,68.62264239228,389.2173138911226
108294.00000015303,-317.1995063995117,-8.538072113015202,252.28240039927948
108295.00000015304,-216.43621525551643,285.107760659983,289.6046962592456
108296.00000015304,-347.4145218329872,165.38671500295666,18.715292603102768
108297.00000015304,-174.48398924340242,341.8625281764326,5.134179226745053
108298.00000015306,-225.76219633470805,221.12927581468207,-200.505719738975
108299.00000015306,-194.8949746233591,324.0109198002487,-228.2525051792547
108300.00000015306,-1.6138656354042742,294.92151771091056,-287.4132363187767
108301.00000015307,197.96943100764196,206.61596351018565,-254.2199559409792
108302.00000015307,224.6872199966055,193.6670961856109,-274.59060259349025
108303.00000015307,274.73559992109824,41.616445649376516,-338.0195015490621
108304.00000015309,300.7177372777028,-90.05275219957952,-213.12543622854403
108305.00000015309,228.36697502092164,-273.63203889667653,-278.6104581294457
108306.00000015309,311.46198177684556,-179.6440092916719,-5.319117276724694
108307.0000001531,180.7480950293509,-297.9997377001719,-91.55494601220893
108308.0000001531,222.2488930294436,-274.53878086740036,212.40633541758558
108309.0000001531,229.5441229388851,-284.2630038428385,239.96893809385082
108310.00000015312,-13.685245513237533,-299.4246388201412,299.20458647483974
108311.00000015312,-195.18010176937042,-314.1428471989747,255.767953172903
108312.00000015312,-232.10642689203723,-175.20614271310936,240.87430360173744
108313.00000015313,-206.4300780736201,-17.275532986013737,356.9622494882798
108314.00000015313,-314.83400905084267,17.22749368193027,195.80725812644232
108315.00000015313,-176.52049404510396,333.3928643497988,291.4699074769747
108316.00000015314,-373.5419656616504,238.31179039058512,6.413956284175199
108317.00000015314,-232.34241739311935,374.4337798668732,57.75650684568586
108318.00000015314,-247.787510650827,252.22061213231694,-182.51698109375795
108319.00000015316,-221.72287208065984,217.80469575347465,-246.1692992765553
108320.00000015316,-6.634160128347773,284.32002031070095,-285.0324013163239
108321.00000015316,223.15601347127352,338.83681411710575,-210.902084422824
108322.00000015317,307.5553062535972,97.99206581259779,-268.31319330220936
108323.00000015317,207.74091631849012,3.972867702640634,-325.3094819560859
108324.00000015317,387.9086070406443,-27.79099808063558,-136.36020225257522
108325.00000015319,146.37223059034278,-274.5897237380244,-242.94406784232152
108326.00000015319,335.9511412700243,-164.1783063911757,-40.21120231061257
108327.00000015319,239.85158774373147,-365.01152443235287,20.688740264892857
108328.0000001532,222.05749532990532,-281.4090430639786,175.49374163476747
108329.0000001532,217.46806339308696,-236.53842273420352,304.49283678335365
108330.0000001532,1.9223031124786571,-305.868378908811,297.26286039249817
108331.00000015322,-202.0964314364041,-388.6355682000775,217.5598348541617
108332.00000015322,-227.58186294906378,-176.29443422546777,288.8283563475107
108333.00000015322,-259.4652270387654,9.091152866152418,327.0068044010034
108334.00000015323,-354.29540996584973,104.21029404120007,266.6155977659297
108335.00000015323,-171.32341755306274,251.45509650074777,230.7202589528292
108336.00000015323,-294.82376183620994,214.00819467294437,34.72634170419219
108337.00000015323,-241.6445476655277,379.8429021992495,40.36132243147306
108338.00000015325,-252.73221483691438,257.11602980514226,-179.57652092016673
108339.00000015325,-166.58137502548578,271.0433408473281,-332.54833855191714
108340.00000015325,1.0441558997397031,298.76406505671184,-295.36561772473164
108341.00000015326,170.42580047941738,336.81535738993665,-285.8962321531681
108342.00000015326,223.02209728699015,149.43066607115864,-368.74513163769467
108343.00000015326,253.8546276245241,-27.7816663103827,-362.32421340448985
108344.00000015328,331.28048194489014,-85.67553354211525,-262.5890625896777
108345.00000015328,196.44926653619413,-295.4279744219725,-376.89773817741303
108346.00000015328,362.1896418998289,-208.79995763736062,-63.09995720154546
108347.00000015329,178.8152527451573,-309.70621632602774,-15.627064969980113
108348.00000015329,268.86878255880714,-346.7309334034651,156.3258954822703
108349.00000015329,151.6923954909037,-273.95551207043405,365.81261084067484
108350.0000001533,-2.244941270582911,-298.63913213962894,290.1689636035027
108351.0000001533,-158.21697039186938,-265.1063502497425,164.25981079267422
108352.0000001533,-217.71443351306738,-227.28329500206968,336.4908592273685
108353.00000015332,-217.7050087716021,-1.9627224497996307,378.5641257492044
108354.00000015332,-370.27942744962195,34.827602096908194,272.1809955503837
108355.00000015332,-246.90135728289516,295.9268429336145,323.4306001893517
108356.00000015333,-358.42660488057504,239.92638265734388,84.23558396569939
108357.00000015333,-200.95182996781642,344.0355273206648,-51.72535876513281
108358.00000015333,-280.18562581705083,272.41971575676445,-117.65112764444596
108359.00000015335,-224.4506081298475,247.00224134210933,-351.43835665007674
108360.00000015335,7.263965394689975,285.5740946526791,-285.6761810805734
108361.00000015335,258.47459308427847,325.2806464809259,-265.7314363822526
108362.00000015336,278.76611722418534,237.8223426459864,-221.00205302804528
108363.00000015336,250.05438316276513,32.995936685263175,-392.12027978429984
108364.00000015336,364.6666578355612,58.8392846271585,-204.49528745442976
108365.00000015338,186.7179006800605,-252.68126042424578,-226.14037072782605
108366.00000015338,366.4644362489404,-235.2231390966306,-47.73635268666575
108367.00000015338,259.9805773091103,-394.5397970620193,-87.42837892755075
108368.00000015339,253.63466319089744,-275.08789805429086,152.32299283968385
108369.00000015339,149.84753966613877,-252.51878253857103,340.7036812701866
108370.00000015339,8.376937467739385,-304.1493849342654,294.54458580882834
108371.0000001534,-199.0532770000998,-336.36820749716037,232.8712855582488
108372.0000001534,-225.04705551478366,-172.7394330819114,253.3376816233602
108373.0000001534,-258.0219105625386,10.786254112630164,362.7161113617864
108374.00000015342,-369.1645325063659,-10.245355519346841,243.77053294103254
108375.00000015342,-275.3777149851491,189.7684581303163,277.10490942892943
108376.00000015342,-350.223659603373,184.82367522489946,38.83120972253507
108377.00000015344,-158.71211982582759,375.461932661587,28.86258151859494
108378.00000015344,-265.507057333677,237.85301061068037,-206.04105636337124
108379.00000015344,-211.1084525643797,239.5942881625219,-340.0374892309027
108380.00000015345,6.4125978250967695,288.8987189599488,-290.4989210608014
108381.00000015345,165.88706505754723,300.57514564845405,-254.68592748205432
108382.00000015345,291.79830111845433,177.19757168173135,-230.23873878623303
108383.00000015346,263.96119984083765,45.665841635090274,-314.42290573328364
108384.00000015346,342.5946610348962,-23.644809706645223,-191.28406319387585
108385.00000015346,169.30603266837198,-265.667515474881,-384.1665543167279
108386.00000015348,340.998902938838,-287.13198701626123,-7.500966645044122
108387.00000015348,288.4549368564995,-353.56473011777507,-49.428372164686934
108388.00000015348,217.38629932500294,-296.86200447695177,229.25192450050307
108389.0000001535,217.12329144284175,-268.0727158989333,283.13616138435486
108390.0000001535,0.8736442655887218,-298.6000782307998,292.50276078569544
108391.0000001535,-224.89243102814052,-371.62256705269937,220.27406706434923
108392.00000015351,-197.94371066199383,-128.71298914973246,303.49531844873957
108393.00000015351,-232.47231295315788,6.351019031197752,385.33977387207597
108394.00000015351,-393.6395914843791,-1.625661398820936,135.98681536604113
108395.00000015352,-216.65974015185293,376.2894835474716,217.76255388478071
108396.00000015352,-379.00609006671846,219.85553210840285,21.674376285293214
108397.00000015352,-202.37405374824564,314.83489831273084,24.124906747537423
108398.00000015354,-373.40538201008917,273.90945469784236,-280.29197509035635
108399.00000015354,-159.6059304767905,249.7664805338023,-336.0426255027672
108400.00000015354,-1.961671147278415,297.6119987371759,-283.0265145957672
108401.00000015355,182.01799589290925,233.9544998647818,-275.11747346246386
108402.00000015355,298.58439389861036,128.50453585678667,-317.91545544279035
108403.00000015355,240.1050280654548,27.337170666185013,-316.43543683679206
108404.00000015355,357.12535116635564,-31.994911649985713,-155.87823250518045
108405.00000015357,326.7270589024222,-209.34474802509493,-218.03371746242365
108406.00000015357,296.0470701527995,-212.18590163337237,-35.927014245283836
108407.00000015357,213.7648174971101,-357.40160513872013,-24.762505423543423
108408.00000015358,275.112903107364,-295.9779587832118,225.76873780339346
108409.00000015358,135.7275958793561,-240.72729209099094,301.4198554757188
108410.00000015358,-1.5697172112606639,-301.35909732145257,286.0017676482035
108411.0000001536,-99.61218750479212,-299.5412207767265,265.4316583054989
108412.0000001536,-315.94538872693767,-232.82051611616487,318.2704786669183
108413.0000001536,-252.87155224899075,49.29301731311144,387.5255373704788
108414.00000015361,-396.87717235353733,110.93429939507976,277.1114896008771
108415.00000015361,-256.7753777952643,270.2659191758315,253.93334415792287
108416.00000015361,-359.0240840930215,239.17126519914248,51.48279035848572
108417.00000015362,-219.9109997305359,360.98949693227746,16.11435616016399
108418.00000015362,-251.84948927925296,275.74823741566365,-187.40015415199207
108419.00000015362,-205.12920608975776,241.86741627068469,-302.3732922840801
108420.00000015364,-2.2453272903167756,294.9336862803995,-299.5826503471987
108421.00000015364,184.4145549438496,257.7950547866255,-257.6210511338568
108422.00000015364,284.7456835383578,185.89334164110315,-258.63806114023674
108423.00000015365,172.95013241197208,-37.30219025401321,-390.25927586723117
108424.00000015365,342.42827012496633,11.556053986236904,-155.32509823315522
108425.00000015365,244.09364863275684,-267.95492495687824,-316.7901617721178
108426.00000015367,353.45325067791936,-229.53986113004586,-67.31810368988279
108427.00000015367,290.1214865303714,-362.70868033463586,12.119224042450842
108428.00000015367,278.79657192271577,-238.2730739570539,140.52048384043195
108429.00000015368,243.0356596468736,-165.84409627474227,277.3403931096084
108430.00000015368,0.20223484068181666,-292.0402909728402,295.67763515158794
108431.00000015368,-214.17316227138792,-240.89971423830326,264.0041702093923
108432.0000001537,-247.0828186453673,-133.84755438334452,219.8155738786745
108433.0000001537,-231.51147487579402,-2.782075410127277,337.87188548842227
108434.0000001537,-345.1118755560897,52.051118304212444,164.68433163651372
108435.00000015371,-249.5238196588225,308.91927009637385,230.3872677221156
108436.00000015371,-333.89788777715364,186.89691807945292,19.093024393493934
108437.00000015371,-224.5813373181107,305.77598456763354,0.012479215043289416
108438.00000015373,-274.82550083110846,335.18509371604716,-171.27153620025956
108439.00000015373,-174.79668476787558,251.41529111690426,-341.3768889902368
108440.00000015373,-5.188236179375236,293.24821973017646,-299.8127395810869
108441.00000015374,168.15098828495485,250.18002862995348,-244.98488585647758
108442.00000015374,234.7063629265774,217.69441745893917,-320.9817319207031
108443.00000015374,254.95256780449373,-9.196524908441402,-288.78303546602524
108444.00000015376,371.0434330738489,-18.947354468723734,-167.0640564564292
108445.00000015376,251.34267676335756,-310.7341403440314,-283.9975322540655
108446.00000015376,421.0571343175315,-215.03140669060576,-61.61077118742371
108447.00000015377,303.77092843966057,-341.73872257052227,67.35458845606043
108448.00000015377,370.6527426638765,-273.54416234660073,187.38641842973865
108449.00000015377,196.44726225727774,-293.2272028321553,336.949160897314
108450.00000015378,-0.9516235572838808,-293.11084210738505,305.5083515146797
108451.00000015378,-89.29012771216246,-346.30085733791816,311.3230429855314
108452.00000015378,-240.87520433464653,-242.73579588274262,313.846637918123
108453.0000001538,-250.50751942342822,42.27707448725133,334.66762352324923
108454.0000001538,-373.7541896960214,3.2831605283928633,248.68355112627302
108455.0000001538,-253.6607599898717,282.49582690836627,419.1625397128089
108456.00000015381,-349.44656561367043,199.71581306795034,-9.61608414446938
108457.00000015381,-210.35588330363538,411.063482187178,-53.778991239568825
108458.00000015381,-247.61835518020078,298.52373228686184,-160.32073974243843
108459.00000015383,-193.6681115442761,220.31488270655075,-325.4623564099861
108460.00000015383,-0.4263978419654976,293.6003388275182,-291.8670502474797
108461.00000015383,209.01126522449442,329.682106482112,-221.1761195828897
108462.00000015384,258.5434666446305,271.85172210476975,-282.99444386433464
108463.00000015384,162.12583761510248,-41.747186048014214,-352.9600350748536
108464.00000015384,381.70035611303285,-37.745333813073344,-163.20797023359535
108465.00000015384,240.03210049915617,-313.4503222031487,-305.1696525867939
108466.00000015386,349.41266926397356,-265.4956252488969,-44.63184667494929
108467.00000015386,200.07537288021857,-382.2110387936684,-33.611800132508485
108468.00000015386,294.7058927706515,-253.25024317268102,260.4805620409675
108469.00000015387,182.5993752284462,-273.1599751631717,342.4123736722002
108470.00000015387,2.5323478871355753,-297.1512739958568,283.8351016249218
108471.00000015387,-127.0226462391389,-354.0430313991197,173.50399753102204
108472.00000015389,-221.79831190317958,-262.28266502881416,296.47136469930325
108473.00000015389,-252.4638043095627,28.664469769645823,394.9292658432285
108474.00000015389,-321.1724072958408,11.407322603271774,210.91677589404554
108475.0000001539,-192.25157863688275,320.39526530202767,262.32799720227496
108476.0000001539,-391.3444461476153,232.1741081807634,-16.922807457114388
108477.0000001539,-291.60768981425997,376.19406399870485,17.885509929199763
108478.00000015392,-238.2111222403183,306.12124832525274,-253.20080139087253
108479.00000015392,-181.2843217667731,238.081571462655,-266.06888356268104
108480.00000015392,-2.5446810594656566,278.80340208646464,-290.6288724072757
108481.00000015393,137.9329716764799,249.1523653952256,-260.4475829453068
108482.00000015393,203.45108881307803,270.6121142323402,-295.6820881149901
108483.00000015393,263.73181352839987,31.449878370983665,-281.4810102000019
108484.00000015394,387.2786823588229,-62.48818213683584,-201.2637472689112
108485.00000015394,279.71241712543764,-330.56286975414304,-220.962948296048
108486.00000015394,350.4448416179791,-191.00701538080068,29.948110579448468
108487.00000015396,243.6609267175723,-351.8244058498612,-21.02552314238447
108488.00000015396,253.15007804347755,-190.84247569163918,194.61190471990088
108489.00000015396,178.9420659797751,-280.84959641566337,277.7224603650246
108490.00000015397,-6.633867591768836,-287.9149042122837,277.680116815405
108491.00000015397,-187.07286033316595,-314.17699442974305,312.5031249864965
108492.00000015397,-368.92798108211406,-139.98831740450126,275.16954595508423
108493.00000015399,-249.99264505457998,-8.130739520075885,340.01416245613194
108494.00000015399,-396.5752326992279,2.645270307233105,209.6976101578871
108495.00000015399,-319.86796634068185,277.0718479847637,376.29545125410596
108496.000000154,-321.34086829973194,268.6618973780424,23.135611987821036
108497.000000154,-279.2164231371099,348.9435812183836,-23.600334416385962
108498.000000154,-247.6631272381293,244.16388189016962,-215.92825438061817
108499.00000015402,-196.17958369635528,300.69592068572155,-289.5677368788903
108500.00000015402,-0.7981549457302325,292.7905031368609,-285.45264130070734
108501.00000015402,162.45430150044552,250.484506989931,-321.3908387605187
108502.00000015403,256.65617648590484,215.62082811913038,-230.60758930495498
108503.00000015403,257.0540394671597,-78.59560998586059,-331.6993631076203
108504.00000015403,338.0409612931079,-37.90135951625605,-246.07104729037047
108505.00000015405,147.52801690254555,-281.6208048194662,-219.8187188925961
108506.00000015405,413.94218180446757,-170.26695942072553,-2.709944067756327
108507.00000015405,173.3179822853455,-389.5540442997087,-47.056865666768644
108508.00000015406,309.77916676825635,-234.10884311127703,170.43517364506909
108509.00000015406,186.08648444393555,-335.55622337483805,282.8022560679234
108510.00000015406,-8.727276562233298,-286.0551990962428,302.11761772955026
108511.00000015408,-148.3688363983091,-221.69801219194395,167.3063701128713
108512.00000015408,-283.84187841499477,-197.66817420645023,199.37119569678907
108513.00000015408,-282.7176398227736,12.36312117063802,385.4983976697193
108514.00000015409,-403.1780055765999,48.956375237173994,237.5202127360014
108515.00000015409,-197.35093385706458,190.0842669893803,239.69142919510048
108516.00000015409,-414.0451458111082,188.20557062393232,6.123052549725129
108517.0000001541,-191.82104174732615,350.224583147115,-22.9573704402446
108518.0000001541,-291.2221656033374,255.98980037704058,-228.1639491847802
108519.0000001541,-145.7014651017175,261.88787616088115,-407.2970893879637
108520.00000015412,-4.27914975574572,292.3571408416696,-304.8107845114317
108521.00000015412,218.81081395131574,234.88409035121376,-268.8734831590503
108522.00000015412,235.91298393439186,185.4722960343288,-319.56570328697154
108523.00000015413,188.45117447957062,-40.33236786050089,-333.80739206625583
108524.00000015413,352.15749103651666,-14.425473051162886,-200.18357008061318
108525.00000015413,224.58109689209914,-265.62563710302425,-226.87215874375568
108526.00000015415,347.7864098961211,-267.6883948791451,7.5743815795268095
108527.00000015415,228.43824386807648,-318.66726598806974,-26.35178187146117
108528.00000015415,322.6842355773682,-298.7349796514879,192.54469689132623
108529.00000015416,261.0162297945975,-270.73251823228713,332.3174402093052
108530.00000015416,1.0149152181025634,-285.7696882447037,293.4441211655174
108531.00000015416,-205.53624824225997,-324.70296324933196,284.9490044780188
108532.00000015416,-274.17149203989356,-258.6333819308386,292.6560436013912
108533.00000015418,-266.4667838621878,16.907679377617182,393.7130500216304
108534.00000015418,-402.76734371760426,31.679611643792565,223.27925776287526
108535.00000015418,-297.3306064468704,279.8458521822553,282.88234880036805
108536.00000015419,-361.42937595428305,197.75740218519792,43.394640019531536
108537.00000015419,-190.6874202716539,351.8663877182207,21.95376080285971
108538.00000015419,-307.9746466746725,262.7483641190239,-220.92302363437688
108539.0000001542,-271.27878457467995,281.9546415751645,-315.4243257324983
108540.0000001542,-12.96341503890146,302.1319470901609,-291.20358462315863
108541.0000001542,209.99931685859448,351.61712380925434,-326.23233958171943
108542.00000015422,223.32951901903903,127.43979979090747,-228.88286105075372
108543.00000015422,271.0041822187996,-15.708629882196021,-328.95915823797924
108544.00000015422,431.9742792561416,-58.72065591057841,-222.20783033423268
108545.00000015424,219.66188081247103,-341.49839876012214,-249.35180386845744
108546.00000015424,311.42298267300094,-179.12191876795566,10.166940444398973
108547.00000015424,204.6206692207038,-319.1480208168023,-25.4771929360622
108548.00000015425,258.74880199184145,-357.36952392231956,227.23285778558477
108549.00000015425,189.02395316241774,-258.97814062578374,251.68385035420548
108550.00000015425,0.33332099251792513,-303.0597290781984,287.8258257353819
108551.00000015426,-153.91505062076467,-320.0153678430895,287.38499325497725
108552.00000015426,-323.1705103385647,-150.44779249267205,246.14007720107182
108553.00000015426,-206.83795978215653,-37.30775848539537,329.3826061576348
108554.00000015428,-402.6908068032767,4.8911563357400425,259.9239227227301
108555.00000015428,-194.62082499504055,197.6950822577509,330.7327299914975
108556.00000015428,-358.1607660009481,233.8531611735409,34.50122575996572
108557.0000001543,-208.43853572528164,341.9106148644429,-8.166163629805984
108558.0000001543,-255.43278971258275,266.91645883494726,-200.3176295786076
108559.0000001543,-249.29924967198986,271.3084230381087,-359.7577789430594
108560.00000015431,6.435079242996261,292.1514850493436,-313.1945603341029
108561.00000015431,257.97438016129195,276.0865632116449,-267.60441651325885
108562.00000015431,197.29574220196952,227.1279306675337,-261.5132521663812
108563.00000015432,187.14807176128278,24.378302023191843,-332.8477959166544
108564.00000015432,343.8362694339351,-82.04338049799773,-219.83927076247588
108565.00000015432,306.4780201143434,-285.6708477718753,-293.946988215829
108566.00000015434,321.54104930451547,-270.30786023315795,25.760387462048794
108567.00000015434,269.85029772528117,-363.08791294040236,-15.94874449095013
108568.00000015434,261.75643090474404,-280.22755017029124,172.72716785710097
108569.00000015435,195.52552771411416,-253.99304250081738,392.5978672786536
108570.00000015435,-0.16617357841311703,-277.1737527560147,290.9290447745272
108571.00000015435,-228.93948897612924,-279.94319426527414,235.3477547261186
108572.00000015437,-267.39173853216886,-180.78225251160424,268.96130528649377
108573.00000015437,-226.87785387998363,-38.79945051681805,285.46171661825804
108574.00000015437,-369.7947345656931,74.19874164059691,264.79618857204775
108575.00000015438,-233.07902942011737,246.38603901620834,232.14402224573595
108576.00000015438,-334.2604672975964,236.2289210992171,52.01414879627159
108577.00000015438,-229.32468884854697,436.31103594541423,-0.8496301378162048
108578.0000001544,-240.00918863925787,236.52444882335934,-211.11529239792134
108579.0000001544,-205.6761625903076,281.84136329656064,-321.04298413603857
108580.0000001544,10.537807041973615,298.6760412145406,-292.0041942403145
108581.00000015441,234.01623071421335,307.3673853581759,-214.48836636555723
108582.00000015441,302.5465779215174,226.1750739697262,-322.79127469994097
108583.00000015441,211.8303193894981,-63.97261829983082,-304.86579609685435
108584.00000015442,396.259494849473,-45.86346619159696,-196.21477731157614
108585.00000015442,213.73833392083355,-298.30601427417804,-315.59518123218317
108586.00000015442,394.312604532272,-224.56648779260513,-42.16927540077845
108587.00000015444,204.85494837784427,-388.0509798140277,-19.858835192916516
108588.00000015444,209.99281405933218,-321.2463991267939,187.03515108102843
108589.00000015444,132.25365175603218,-213.57374371159528,334.63325114395286
108590.00000015445,0.013801707051211004,-295.2740364719082,280.31964183838517
108591.00000015445,-178.61562955348595,-395.68093424222616,318.10303252135
108592.00000015445,-159.69673123477676,-137.18328223544745,232.38280404196772
108593.00000015445,-254.6735216626039,77.87820769217477,355.8600515177187
108594.00000015447,-396.3634555875606,25.30829308655982,207.43731187542173
108595.00000015447,-207.0095740177163,248.26489280166544,355.08242853166814
108596.00000015447,-381.879328275166,173.8387468951879,65.19494720389092
108597.00000015448,-222.20662271294455,314.44672315128196,70.71080972814477
108598.00000015448,-374.70153303643326,256.92232351906324,-111.54253191333997
108599.00000015448,-213.56003501284275,302.5318370059928,-290.92734565522966
108600.0000001545,-0.5262867168917662,283.5716835608044,-291.30990238814485
108601.0000001545,195.10746864733844,292.54805257259954,-223.2959205729698
108602.0000001545,243.95316649435972,168.1798317317619,-260.267981506301
108603.00000015451,310.2777669802057,3.3019500831728337,-364.3077341944586
108604.00000015451,354.20133148852494,-58.13067098002503,-198.8460685985998
108605.00000015451,310.1589709097398,-219.4912936393478,-202.74046585896838
108606.00000015453,353.8942429304548,-233.844982835615,-51.36368116950662
108607.00000015453,218.41651531202206,-312.8790323061478,-35.97770437048852
108608.00000015453,253.75163820079942,-222.94140344695606,184.72801320429693
108609.00000015454,181.35662782864085,-286.4314726568846,307.73889406582623
108610.00000015454,7.135781356360942,-295.1802344927785,294.14747056683996
108611.00000015454,-226.9426346514101,-291.4263981862513,282.6768195714127
108612.00000015456,-256.2802935791974,-172.24843177576352,309.5599554836456
108613.00000015456,-186.0736650946547,18.166093599309274,293.20478463314436
108614.00000015456,-295.3552227962196,15.983940767682977,235.11006731050034
108615.00000015457,-244.30865229182317,361.9038730541758,235.17050236891788
108616.00000015457,-376.6997842661806,201.53528949287121,54.09610079330079
108617.00000015457,-236.0561147547187,364.4124960739916,-19.669638256349405
108618.00000015458,-260.6569833639562,256.9983593789324,-151.97589628872032
108619.00000015458,-237.21828167889515,256.4140426901154,-280.4138877092854
108620.00000015458,10.301170521369489,303.7338429326738,-294.4601317352823
108621.0000001546,150.3232208448481,258.4265580435982,-283.7093366436613
108622.0000001546,298.1535717954455,190.7157071185161,-215.9984956398232
108623.0000001546,159.48337342566901,26.773776302269702,-312.94073843359075
108624.00000015461,348.09260789126176,-54.70489691718246,-276.7098385688977
108625.00000015461,258.52674864747456,-202.9125730538898,-300.8357153674843
108626.00000015461,385.30322927988453,-205.86809075632928,-42.21840062629389
108627.00000015463,193.55412671898753,-372.14117013365103,13.324556861808517
108628.00000015463,291.25567253159846,-263.49828869553784,263.2889166740096
108629.00000015463,193.78887144079798,-248.19629103262173,310.14041551913004
108630.00000015464,1.354280080850938,-298.72305581195894,290.42166277549666
108631.00000015464,-145.73925178077266,-246.81744609953498,261.47202557610035
108632.00000015464,-284.3038225847579,-189.63184760731173,255.0831041233766
108633.00000015466,-179.86572198523345,-0.6741839286017584,337.17835599501115
108634.00000015466,-320.89150422797434,47.943874508244335,233.75864903486024
108635.00000015466,-199.34607485983707,213.00797897820385,271.3156499775839
108636.00000015467,-324.92301886031606,179.3150994133116,42.63965144725031
108637.00000015467,-221.7306413448073,344.1910055819005,-23.559267168082595
108638.00000015467,-280.9607619958282,345.01120078469523,-208.6217151950329
108639.00000015469,-174.5352400766387,215.46359641864456,-337.6653277042736
108640.00000015469,-8.45336908345726,283.92877267698304,-293.341181320349
108641.00000015469,236.29875595400506,354.94021112427356,-227.37673198527526
108642.0000001547,300.41722692967875,131.36966296275696,-308.71867903477727
108643.0000001547,312.26875339891143,26.460118470423417,-378.4492254578745
108644.0000001547,350.4456871091615,-51.49930506677605,-237.78012327666053
108645.00000015472,245.50115809841697,-294.60127762512974,-232.6826520632036
108646.00000015472,356.3091814228396,-190.79441648676624,-74.11869819550019
108647.00000015472,220.98504591780753,-366.85213601396043,57.46051050619909
108648.00000015473,309.53467774582214,-275.79395606325045,162.1600454491336
108649.00000015473,236.56015192677418,-294.03753632460456,317.57165657881785
108650.00000015473,-5.599674684316904,-295.13466690352936,289.8085095509852
108651.00000015475,-130.11667382429098,-291.16307980742056,322.88757929043726
108652.00000015475,-220.21151705768128,-246.72170131893745,237.82612942456763
108653.00000015475,-224.39617745525462,20.888901547363382,369.67410237414646
108654.00000015476,-361.15793034965037,-29.021735663303648,191.81053345608515
108655.00000015476,-285.4399833599687,183.44662197894382,288.41410426581035
108656.00000015476,-385.76721302765026,273.2285906670722,31.45876972396313
108657.00000015477,-276.15552724651866,395.6399994293015,-12.151054399692432
108658.00000015477,-274.7266973231801,317.5836216810297,-189.4968274663424
108659.00000015477,-236.4597239587544,295.5883867296282,-304.47917856002056
108660.00000015477,-0.7387340207491976,282.1132646187646,-305.60630029814905
108661.00000015479,158.13480500755634,264.37416551258355,-233.7765418019084
108662.00000015479,309.1550754684285,153.30106070499644,-315.1377024862149
108663.00000015479,274.01698184441136,57.23175407603801,-365.1049876244987
108664.0000001548,353.9622905588978,-16.02781679706499,-173.04172129177246
108665.0000001548,222.08689557594624,-191.90210071259705,-384.0423683023941
108666.0000001548,418.48375395727766,-162.25883084094795,-76.1551225932
108667.00000015482,232.9069472801592,-323.9888290153162,-21.542714012614926
108668.00000015482,279.96438896020464,-258.24079902425365,220.03886552791673
108669.00000015482,249.06798155953342,-253.73541924956655,328.4328408782663
108670.00000015483,-6.473725861686337,-292.3154093829026,289.2438062902382
108671.00000015483,-224.38361452831782,-268.9148514406704,241.48200544376482
108672.00000015483,-283.47034967218383,-206.38365900282972,263.05765574001737
108673.00000015485,-177.26094151179666,80.69560244560861,373.2238510644544
108674.00000015485,-395.46528664521423,85.46801231368691,216.88326670124792
108675.00000015485,-243.32338340209873,302.02001439265484,234.7963200403236
108676.00000015486,-375.99801856185894,202.45066117520628,63.00246382980805
108677.00000015486,-218.07953528428422,374.77054408948015,1.665574174915735
108678.00000015486,-309.7326241938834,243.3459109931606,-196.72585697465166
108679.00000015488,-161.82469778946825,257.739119313605,-365.78896298768746
108680.00000015488,3.6212131577147577,301.9332863242294,-294.24054577688565
108681.00000015488,227.98632061768984,300.342827332089,-217.74072914244147
108682.00000015489,250.16900197244792,183.47338677501304,-309.3422657432032
108683.00000015489,263.6981698668214,33.203241448812214,-359.8701412605824
108684.00000015489,309.9834866713384,-0.046249739810986484,-245.8464813079038
108685.0000001549,254.66387304222158,-238.42003468851783,-364.18831056681836
108686.0000001549,377.2035490542248,-213.06708601978843,-73.7067687159745
108687.0000001549,235.290019363417,-383.6941532725786,19.138180072577693
108688.00000015492,223.90521407560783,-316.8692483740616,200.99973881079657
108689.00000015492,144.80014762798731,-243.07672605617765,283.670899279533
108690.00000015492,-3.3219727404303856,-284.6946874281273,293.77193766347153
108691.00000015493,-193.19376966002682,-245.1275078273838,242.1570847609637
108692.00000015493,-289.9214250863703,-190.03404163949048,264.9947676944901
108693.00000015493,-267.77297756116644,-4.731782421353934,387.46830960340384
108694.00000015495,-360.28786424238984,56.221792960921775,193.72067744526277
108695.00000015495,-305.89159592423044,229.19156738444002,307.83289760718446
108696.00000015495,-318.6042793126465,205.6879881569563,50.65861045831231
108697.00000015496,-230.28916018627604,315.83762716919716,-21.827852637828816
108698.00000015496,-226.94363415809153,248.20322510129947,-236.61346472303072
108699.00000015496,-235.54572574141048,187.84584895847198,-334.0546738991187
108700.00000015498,-10.83290928476105,290.95240505545604,-291.48452920494236
108701.00000015498,239.40864069766656,351.63233184499796,-259.56921469941454
108702.00000015498,252.8766268981349,160.49117520540582,-280.6917578505051
108703.00000015499,292.1931040935754,-11.59973326594457,-363.5032396272455
108704.00000015499,341.93248496700136,4.442177485530641,-170.4888056957435
108705.00000015499,258.889358312802,-320.93463020096635,-297.3337678427714
108706.000000155,290.70072775315685,-250.39853748818047,-117.28628905680297
108707.000000155,190.06010948107132,-355.1140134022269,-35.40065268574799
108708.000000155,275.2342366194477,-317.92256965780825,197.05902221362336
108709.00000015502,205.11605393868982,-225.55420342311086,260.1622066635033
108710.00000015502,7.361736337387047,-294.53054129664,294.40613035558454
108711.00000015502,-251.17365931643783,-268.35588390007996,253.17534002889778
108712.00000015504,-246.5876638138868,-183.45264393709883,322.566450503927
108713.00000015504,-159.8403364533176,-45.84332362599846,368.9164607587585
108714.00000015504,-344.42562691550944,32.04603361193707,203.67100696374305
108715.00000015505,-214.25188329616154,329.39880069979426,273.9887296840058
108716.00000015505,-340.4366326083657,229.26709964638283,65.33704653157103
108717.00000015505,-192.96672898747346,355.30205267532574,-19.288794176227196
108718.00000015507,-231.52541884218346,273.9115959839243,-256.0829246672805
108719.00000015507,-185.25172475146994,269.6830388837795,-259.2596860273381
108720.00000015507,6.810788020399986,295.39080918559176,-289.0637376476101
108721.00000015507,211.6226271191766,333.21790167144417,-267.0546271118882
108722.00000015508,240.9514444140862,191.15551757537577,-321.2549587165909
108723.00000015508,251.26444157448094,10.455823589356669,-353.68031816047375
108724.00000015508,367.9270335938007,-52.336992402985516,-250.6987797059759
108725.0000001551,206.59880419151366,-377.9689539632209,-292.2679804357102
108726.0000001551,336.69662948546346,-164.09791141936984,20.287796590687755
108727.0000001551,274.5488678088874,-348.2662007188753,-88.55082349256686
108728.00000015511,265.8760688287827,-237.55811995632735,196.65763670694747
108729.00000015511,207.4696999442034,-222.04019545969948,321.43040944388594
108730.00000015511,4.869917547727226,-298.1920797714054,280.6668554871527
108731.00000015512,-173.1741188782039,-253.81832719624504,278.077832748973
108732.00000015512,-238.96289329396654,-210.40246887068008,305.34569361552974
108733.00000015512,-126.57487621341744,3.0964207693041095,379.32340256705953
108734.00000015514,-411.12829068329836,11.14189155690092,237.94518566666775
108735.00000015514,-178.9447503122798,196.6702436427828,229.56950975326572
108736.00000015514,-370.66723173987333,210.9588673624908,-13.221089151285119
108737.00000015515,-253.1621708784452,361.57798125047094,-10.259593947758729
108738.00000015515,-228.58745729882943,261.9596535611514,-221.48027978993161
108739.00000015515,-147.77154134636274,206.39687309512692,-272.9309661622844
108740.00000015517,-0.7080468149535062,294.4923763450918,-294.9963182285355
108741.00000015517,69.13489303464029,294.5794462448095,-306.93383335860295
108742.00000015517,244.77150605047473,235.77694658996748,-248.76554720190464
108743.00000015518,211.33142091045784,11.728786076729008,-283.41695604358426
108744.00000015518,392.9841748354298,-9.447560622472752,-249.98551924396776
108745.00000015518,218.97129054448908,-333.5887935427986,-296.45709038996665
108746.0000001552,302.2857874519642,-203.12777396254975,-36.24238967184908
108747.0000001552,170.94086968286993,-371.2480224232374,-55.006422685928904
108748.0000001552,320.30105263689165,-287.4454830700157,172.9528888973162
108749.00000015521,166.97381915452894,-248.92488973126524,325.2210952925417
108750.00000015521,-0.5774433522680453,-300.86462883398906,291.4706736439811
108751.00000015521,-186.5906250912159,-255.94787137208485,277.4353047930433
108752.00000015523,-287.1145466162575,-244.60511723887674,250.77207130547976
108753.00000015523,-226.03852883068953,19.18640251946703,368.05928140549406
108754.00000015523,-375.3510875663007,22.047326465370315,225.19632120761062
108755.00000015524,-251.28504389331496,302.2767954629455,311.72315065874983
108756.00000015524,-362.0967492883292,169.07407008866258,84.68737843016986
108757.00000015524,-213.0820617974872,327.96624802532375,98.99136778742731
108758.00000015525,-218.64973094810887,319.2368418124404,-259.52764185862634
108759.00000015525,-215.07197509572453,265.05443451349146,-304.51319860954067
108760.00000015525,3.571118311364012,295.11980189066827,-286.93023101937786
108761.00000015527,159.56003568019509,330.1132537561229,-344.5497671665721
108762.00000015527,336.523868649523,140.78550387081154,-291.95912484942846
108763.00000015527,212.0764837719634,33.76547480830489,-374.65345604136417
108764.00000015528,325.9802800450645,-45.94933994105819,-180.31559328440488
108765.00000015528,244.72100781358142,-245.69496777166248,-239.77603864437773
108766.00000015528,348.31187125313005,-210.31449492195517,-35.1319737478694
108767.0000001553,259.8600747969317,-338.5132686286856,-41.09452698425952
108768.0000001553,278.6824420025556,-268.55225007741325,189.69180761879068
108769.0000001553,168.57326251701446,-256.38297559971363,288.8577151468985
108770.00000015531,-10.314700460133928,-294.55537626338423,295.3660404118363
108771.00000015531,-191.51348661180526,-351.4176121731273,250.12214359803443
108772.00000015531,-249.27856423683684,-235.49589706642223,208.63548613952156
108773.00000015533,-177.22045160887262,25.67865742232211,368.77007756534374
108774.00000015533,-350.62383497905,86.11660160868568,183.6477178950909
108775.00000015533,-232.38051068582544,298.2038588229904,288.07592964013617
108776.00000015534,-407.6279735374869,214.59535233229136,63.703761302660794
108777.00000015534,-189.5756957088363,390.5014639633922,56.91721049478195
108778.00000015534,-264.2054408978341,237.78690408541763,-246.4667735584989
108779.00000015536,-222.16212088103978,242.41949902771674,-269.1071992191761
108780.00000015536,-9.329602906869606,291.19780414497706,-296.183551735215
108781.00000015536,179.0967767665533,350.57139057971665,-245.71633529474028
108782.00000015537,230.18696134998675,171.0095576230866,-330.2921687449202
108783.00000015537,190.0321333031962,-2.620180406369859,-351.7051060558069
108784.00000015537,305.6018110083955,-45.75100581190514,-170.13403612295798
108785.00000015539,228.70424476627693,-239.0375838547683,-305.21507132743324
108786.00000015539,362.67204557743855,-212.1943722009712,-67.02275665821043
108787.00000015539,263.9047143927323,-336.86202769378997,-33.43981814851777
108788.00000015539,227.68195238491577,-293.00889342080893,125.15916703910939
108789.0000001554,125.89366751613758,-297.5114003269894,326.5141939221203
108790.0000001554,-0.9848656213534226,-295.2611142224303,283.6123257675486
108791.0000001554,-201.2628687099492,-316.1880875805143,238.54224314439108
108792.00000015541,-263.32442603762894,-292.3549539576968,263.5173038204807
108793.00000015541,-178.51905008011374,23.935844193291498,381.83476706871977
108794.00000015541,-351.6589897145865,30.09367475922903,195.74799370769554
108795.00000015543,-271.13636737876976,326.21922239439976,353.212092775522
108796.00000015543,-433.491755037651,214.1305731624221,59.156907109477395
108797.00000015543,-217.39761786779752,379.7418616241327,-22.750602746024178
108798.00000015544,-284.49542067027255,282.34301532862287,-246.13419546938135
108799.00000015544,-236.3040633279979,145.4796695104855,-352.06916067393865
108800.00000015544,-9.19053647593933,296.6754872264555,-295.1464478462213
108801.00000015546,193.7942171363534,342.52931630375156,-248.18431130326633
108802.00000015546,227.24634977736272,194.02094262886163,-192.6567772747866
108803.00000015546,194.19873159417085,25.099820905273024,-409.91323274571283
108804.00000015547,302.4338832340201,-38.14132158159287,-167.7757045712232
108805.00000015547,292.57735454099117,-309.69737450541305,-307.9745224105287
108806.00000015547,414.1236016348486,-241.61054763508508,-9.266381200136216
108807.00000015549,259.55288433175923,-335.4321017035713,-67.56448662398859
108808.00000015549,236.75788901926515,-225.72836135124138,244.87629190273267
108809.00000015549,201.99779733499406,-292.21625106238747,425.47401007033517
108810.0000001555,-7.399623789249579,-278.4606136942889,298.1723981181299
108811.0000001555,-175.16867620996214,-275.88728821579855,296.52232114330735
108812.0000001555,-284.40574049418393,-168.55347126305887,314.7335553464278
108813.00000015552,-173.81807801427126,-1.7600116994668682,351.90919257883786
108814.00000015552,-364.40286767902677,70.24677774693231,287.1166446222831
108815.00000015552,-248.04302823151514,323.4176371112318,309.6294243305659
108816.00000015553,-362.3355337289726,270.6715662555097,29.972551164350236
108817.00000015553,-211.6808513895506,317.4226202280972,-27.655448580981297
108818.00000015553,-233.51522889305556,286.72521570832197,-213.6974442498862
108819.00000015555,-190.5888401092928,215.43929696995846,-267.7998009734397
108820.00000015555,-4.4794712451505285,292.38403867847114,-296.52473653745676
108821.00000015555,191.60429393944676,326.4106188139715,-278.834833917322
108822.00000015556,231.53473545780392,219.95019598586114,-242.17682582846746
108823.00000015556,221.20954088927928,-29.8030542602504,-353.92177300136393
108824.00000015556,365.769218802013,-34.72769100812011,-221.59838922840893
108825.00000015557,237.87248024060403,-297.7192675680453,-227.94803428407928
108826.00000015557,385.5327317795425,-181.48979273654163,36.487874266053126
108827.00000015557,264.2733892268166,-448.5193878285607,100.36443224239196
108828.00000015559,365.14937196967657,-243.12608012894867,203.4481859152684
108829.00000015559,202.343095397986,-267.81668105544736,302.45499514366145
108830.00000015559,-1.8253662744805692,-301.56394228003506,293.825980220457
108831.0000001556,-165.3440352374573,-317.1584430001485,239.85189487479312
108832.0000001556,-275.05773951688667,-147.85262102532278,259.73228582536814
108833.0000001556,-168.63183520727267,37.77039947499418,358.8701767978351
108834.00000015562,-418.74550332052064,63.54382520499442,210.601752344162
108835.00000015562,-255.07508766763132,324.0099632081207,254.80218892165877
108836.00000015562,-385.15224048769693,144.54829065548228,-1.6953874657372745
108837.00000015563,-194.0739782220878,343.5903333201878,-12.012617395801124
108838.00000015563,-271.3236217573243,215.2139816862979,-242.07397277275246
108839.00000015563,-202.54210926892003,268.94986216505947,-286.4593896108112
108840.00000015565,-4.178548367385146,280.7966322963956,-294.95988528984503
108841.00000015565,221.4640725979546,319.36684315978346,-244.67700419613737
108842.00000015565,304.3842675378774,231.69771280325514,-299.7051320089487
108843.00000015566,235.52530674986568,-13.119408139053624,-345.211596273232
108844.00000015566,353.95332860936077,-55.60793115657752,-207.2993495473665
108845.00000015566,196.66627375588405,-290.37017104654007,-266.73145042530575
108846.00000015568,407.75211070686237,-238.17310031899876,-25.13651431663503
108847.00000015568,245.2950843275965,-336.7825867720807,-32.99817352042894
108848.00000015568,238.71021085715074,-298.4817659760638,242.86687875649972
108849.00000015568,174.1520420008627,-253.0321878087526,299.556840140486
108850.00000015569,-2.249767922257111,-301.0820741818809,301.83901068964116
108851.00000015569,-178.576460904535,-196.7030577427551,239.22478099086362
108852.00000015569,-266.42347708156086,-172.70748392511152,277.3414903892149
108853.0000001557,-299.0518943056113,55.814312870012685,419.8878805441761
108854.0000001557,-370.5303625611944,39.222216579316836,242.79254633940806
108855.0000001557,-207.14289674163322,305.1443836720292,257.37960540025415
108856.00000015572,-367.2607039294424,172.63588662265704,7.105897513250259
108857.00000015572,-270.1831059339935,329.55891047824855,18.59940880752969
108858.00000015572,-213.37035107089463,249.34363329815426,-142.52505151110614
108859.00000015573,-179.08393454524008,200.97633885762698,-375.7720245887932
108860.00000015573,4.885402870924497,300.74791105240234,-290.3502357077757
108861.00000015573,160.6040286692859,292.26949192167905,-210.13501427348208
108862.00000015575,223.49847831122995,162.80508004164219,-277.53645446987787
108863.00000015575,310.5608275437224,-69.71784702988,-343.2155283043708
108864.00000015575,341.409526581609,6.410040628446865,-192.6141688380975
108865.00000015576,188.47705172002364,-256.88117380077585,-336.0993490725975
108866.00000015576,331.7865473607655,-211.91584478372576,-12.142897054995736
108867.00000015576,233.73674421766822,-362.5188180073644,-4.020675484233233
108868.00000015578,219.45908484518569,-271.8320280194894,145.07737165734522
108869.00000015578,177.7188950588297,-220.2507786355602,287.5342635976413
108870.00000015578,-9.589009351778259,-302.399786575257,278.3601710747518
108871.0000001558,-186.15234170219426,-278.04690980552,258.6607512081831
108872.0000001558,-244.74404646384983,-242.01901378014892,227.8380309645385
108873.0000001558,-239.49233815572427,31.813962936131677,337.36204594118414
108874.00000015581,-303.0397719605697,28.83969010212026,174.4935681513138
108875.00000015581,-283.0927164215837,233.59890525952244,345.06885889149606
108876.00000015581,-377.9954523842551,235.15124058644466,-20.67423780276211
108877.00000015582,-329.38697645527293,404.47665391692874,5.313690200727015
108878.00000015582,-225.9720206422775,335.76347316675077,-144.76120464759254
108879.00000015582,-261.11005808045456,239.78214023386462,-315.0498219145838
108880.00000015584,5.175062778895995,286.1105405014677,-301.76832013693604
108881.00000015584,160.59198758780084,318.7138079640964,-307.23251810872773
108882.00000015584,350.0552433529101,273.0309213724749,-307.187505985585
108883.00000015585,218.6442369802179,-11.71104467005669,-320.63937933270495
108884.00000015585,382.3775606193306,-0.5171275258879817,-176.2132267622051
108885.00000015585,227.73881471309377,-234.87981846163981,-172.28958716505838
108886.00000015587,390.9809145110219,-208.091457423999,-70.07044574743277
108887.00000015587,211.85556988127888,-299.9207477061296,-31.147440814014384
108888.00000015587,239.37629871438702,-310.95305951952554,296.31530317735076
108889.00000015588,193.1543344089443,-240.73599359810189,322.22590791285154
108890.00000015588,0.39765324084304793,-285.19679427742545,287.166278853548
108891.00000015588,-153.25198672526523,-354.8494404326754,260.27696695073666
108892.0000001559,-267.7180963279582,-171.8651047248849,251.43291241917166
108893.0000001559,-247.2465715274828,6.305383599962882,384.661205494078
108894.0000001559,-321.27619291175455,60.886809157560705,275.887353599654
108895.00000015591,-275.0981291382455,201.26316765421464,310.51714103322337
108896.00000015591,-366.1054864693761,221.7015536501363,56.19426601590586
108897.00000015591,-296.7366139408567,354.1460555973023,19.43250274881648
108898.00000015592,-265.6629980442827,295.68227713390087,-134.11813956140813
108899.00000015592,-128.0847311427551,208.24662050286352,-326.79807505525594
108900.00000015592,-6.785865524715135,287.7929072796604,-302.9640016523056
108901.00000015594,149.8357118193472,295.6913332060922,-312.8043126216567
108902.00000015594,200.71529057238834,128.25648483693354,-291.92508434162085
108903.00000015594,259.52055310783885,-90.25892464348975,-346.83398478336557
108904.00000015595,354.2661293278407,-36.554227893636124,-212.8513983165554
108905.00000015595,232.77432040858116,-317.2977435167799,-257.09308013446287
108906.00000015595,415.1676596103178,-250.16952084295488,24.35127704545672
108907.00000015597,203.31748569064138,-370.28756530380844,-0.5400896210274233
108908.00000015597,233.6435425918688,-290.3261176331311,235.01751720488303
108909.00000015597,163.1539279944101,-321.25226783653267,264.4263517279313
108910.00000015598,9.530546576385658,-283.6012185341337,289.83679801659343
108911.00000015598,-174.86908771585027,-258.88865544372743,295.6199538930983
108912.00000015598,-294.8913943341789,-97.95290267243128,266.7569347108332
108913.000000156,-220.3786054529741,17.747286613374566,306.2206818091073
108914.000000156,-337.1226290800568,59.790898690762454,229.6575169881204
108915.000000156,-269.58530202817036,268.043271874115,262.696954676792
108916.000000156,-342.3984782538639,238.51960099713406,56.32400296787351
108917.00000015601,-190.56369903197248,401.04112079234716,19.030180771436076
108918.00000015601,-295.7738076889443,288.697276206326,-181.25272341612174
108919.00000015601,-192.87118048232935,195.05912026250786,-281.15634088578656
108920.00000015603,2.233268705401209,290.7860595925305,-291.98631712344326
108921.00000015603,212.3625002620018,275.84677985580066,-193.4745029586157
108922.00000015603,243.13317328097617,217.05194074102573,-359.35708505373736
108923.00000015604,259.1105006587142,-11.111367174624247,-373.14042148913336
108924.00000015604,315.35973963367144,-64.93932323626213,-144.11783126120503
108925.00000015604,158.75800457910313,-295.95923186897346,-282.2252804389385
108926.00000015605,307.9816389709842,-275.411966380789,-98.66602712232874
108927.00000015605,276.4738025809435,-333.67276839492604,-46.69394873295734
108928.00000015605,289.96474169036406,-334.42242499307804,291.5256275661479
108929.00000015607,182.47458302934385,-233.70423809393395,230.7679043522639
108930.00000015607,-1.6596781728483587,-299.2938601650231,301.84917386823
108931.00000015607,-176.43722197318792,-210.453258855664,204.97164975530555
108932.00000015608,-251.06106173818532,-237.64506874772326,277.6097089214501
108933.00000015608,-259.7477204108516,15.606407552229252,362.2305406248899
108934.00000015608,-393.1572197566174,112.8153233961006,265.3265949825343
108935.0000001561,-207.60390912818207,350.92690750153577,244.06306003143402
108936.0000001561,-328.62557864183077,166.36323711471746,68.979484426879
108937.0000001561,-264.5325015368155,318.454070940247,40.641062956733904
108938.00000015611,-270.6601240431178,216.5241409705935,-188.26716413058134
108939.00000015611,-282.03784590077595,265.95449346854593,-300.80596326207524
108940.00000015611,-0.671532794482792,286.4596475690747,-285.4150004722643
108941.00000015613,149.59749535090458,245.25558187215876,-275.71239876978467
108942.00000015613,316.5117576277708,177.5757277444356,-327.3602098185114
108943.00000015613,199.0541977252744,6.59835486190942,-382.102461395297
108944.00000015614,375.7732695382499,-22.014138765231568,-178.33255931857653
108945.00000015614,264.7799059363623,-257.196101443329,-274.77475737879814
108946.00000015614,325.9431678760561,-207.57505774848354,-39.60585376011502
108947.00000015616,264.09870785648513,-344.0790604416533,-22.66380863077817
108948.00000015616,222.6535350557695,-269.35644955241816,177.7628236214381
108949.00000015616,223.53891994448418,-278.310605923918,252.2280008770422
108950.00000015617,1.3240381505512808,-289.53745347212333,294.9686332889327
108951.00000015617,-184.67480470123212,-400.705430901296,262.0045337827283
108952.00000015617,-304.84191622086365,-185.01512419500105,367.4628547515711
108953.00000015619,-221.7666148545737,-20.650081164577013,374.09976339897116
108954.00000015619,-313.4239175863639,-57.64565778909202,247.79402064488173
108955.00000015619,-163.79583186018576,339.80787321595807,285.58395284625124
108956.0000001562,-377.34196789649934,245.4765799567906,48.20319069140353
108957.0000001562,-243.41247285414804,334.1308179493645,9.75476641302544
108958.0000001562,-225.12170769619905,265.17882218507225,-200.37575698879704
108959.00000015621,-239.60392681735473,229.83343697355832,-324.502389164741
108960.00000015621,8.359816975106297,293.3164604216557,-294.09155418047675
108961.00000015621,167.9795387679705,290.10433813040703,-280.74240564462326
108962.00000015623,242.07582188263515,157.73232552705673,-272.3992606125773
108963.00000015623,218.6757188599317,-69.89473702458646,-354.2319138611246
108964.00000015623,358.169575749508,-44.48384750274893,-205.2822551773081
108965.00000015624,235.15282218760856,-248.36898605140289,-239.9039680984613
108966.00000015624,379.05362453076987,-204.87392126420622,-101.76542841448048
108967.00000015624,234.20212678067733,-324.67997911503124,-19.561038349825022
108968.00000015626,338.1325885226461,-288.4635763069667,153.32492066937394
108969.00000015626,196.1750026598879,-316.6121461258449,398.7524532316373
108970.00000015626,2.9167752537077525,-285.6812444738521,291.85421054338576
108971.00000015627,-224.1168205717685,-212.02447029056148,167.0103865814147
108972.00000015627,-287.9528557293453,-119.70346772892535,279.79722826747997
108973.00000015627,-203.44343016739856,32.98384522529797,319.597751854719
108974.00000015629,-371.17661799411013,72.62217060239723,247.93133914337906
108975.00000015629,-318.88251441607053,238.11081036865878,356.4969757570824
108976.00000015629,-294.2303813406751,262.8156468934292,65.2978486383741
108977.00000015629,-256.977733303777,420.72335188399063,1.837562207344191
108978.0000001563,-310.85958134479927,293.01295962336707,-218.12587063465205
108979.0000001563,-214.7256039114332,242.20679063717935,-330.8375420686826
108980.0000001563,5.610057278841468,291.89002831615346,-278.87845700013855
108981.00000015632,190.78515528426425,386.46661120728555,-270.731593689805
108982.00000015632,241.43526427597763,184.02609758855874,-255.13350295878342
108983.00000015632,214.44595023708436,76.25568946375653,-341.1267888713782
108984.00000015633,332.1226176139579,-5.355086114603035,-194.35777209313693
108985.00000015633,220.55221425002088,-355.1250275636796,-198.46742720607648
108986.00000015633,347.8794033814684,-208.62478423381012,4.449319116186987
108987.00000015635,268.19545429859716,-366.1219203959789,-19.839590001225258
108988.00000015635,198.4613685028119,-269.46103980590266,235.32676204560377
108989.00000015635,150.08336004839043,-221.6251300604174,278.80399321809807
108990.00000015636,-0.8388196620293944,-288.1914775174736,284.52294765260103
108991.00000015636,-169.82177366609608,-296.25331576233606,290.1179308573065
108992.00000015636,-213.2102666731899,-248.4152931864876,244.47601513357773
108993.00000015637,-195.34571822917798,60.82472702179127,374.58856281429894
108994.00000015637,-375.7301767080513,-18.409535923676035,235.62096740524936
108995.00000015637,-190.6184462291472,373.3901088297519,404.4545246391571
108996.00000015639,-416.4828628454245,204.11889786373277,7.772050781709578
108997.00000015639,-177.45223677753503,311.2199763067674,-16.345505136459188
108998.00000015639,-278.5376496454978,338.715008389132,-166.98327992841982
108999.0000001564,-228.28583839810466,259.7139566345783,-321.2548077672264
